battery_power,blue,clock_speed,dual_sim,fc,four_g,int_memory
842,0,2.2,0,1,0,7
1021,1,0.5,1,0,1,53
563,1,0.5,1,2,1,41
615,1,2.5,0,0,0,10
1821,1,1.2,0,13,1,44
1859,0,0.5,1,3,0,22
1821,0,1.7,0,4,1,10
1954,0,0.5,1,0,0,24
1445,1,0.5,0,0,0,53
509,1,0.6,1,2,1,9
769,1,2.9,1,0,0,9
1520,1,2.2,0,5,1,33
1815,0,2.8,0,2,0,33
803,1,2.1,0,7,0,17
1866,0,0.5,0,13,1,52
775,0,1,0,3,0,46
838,0,0.5,0,1,1,13
595,0,0.9,1,7,1,23
1131,1,0.5,1,11,0,49
682,1,0.5,0,4,0,19
772,0,1.1,1,12,0,39
1709,1,2.1,0,1,0,13
1949,0,2.6,1,4,0,47
1602,1,2.8,1,4,1,38
503,0,1.2,1,5,1,8
961,1,1.4,1,0,1,57
519,1,1.6,1,7,1,51
956,0,0.5,0,1,1,41
1453,0,1.6,1,12,1,52
851,0,0.5,0,3,0,21
1579,1,0.5,1,0,0,5
1568,1,0.5,0,16,0,33
1319,1,0.9,0,3,1,41
1310,1,2.2,1,0,1,51
644,1,2.7,0,0,0,22
725,0,1.3,1,16,0,60
589,1,2.3,1,1,0,61
1725,1,1.6,1,6,1,6
790,0,2,1,16,1,11
560,0,0.5,1,15,0,50
1347,0,2.9,0,5,0,44
1646,1,2.3,0,8,1,41
1253,1,0.5,1,5,1,5
1656,0,1,0,5,1,34
1195,1,2.8,0,1,1,20
1514,0,2.9,0,0,0,27
1723,1,1.1,1,1,0,42
1054,1,1.8,1,3,1,40
578,1,2.6,1,2,1,57
596,0,2.1,1,9,0,64
1547,1,3,1,2,1,14
1760,0,1.4,1,5,0,63
1654,1,1.5,1,0,1,43
1457,0,1.9,1,1,1,16
1073,1,0.5,1,0,0,51
1936,0,2.1,1,10,1,46
823,1,2.7,1,13,0,60
987,0,1.3,1,0,1,61
1757,0,0.5,0,8,0,49
1063,0,1.4,1,2,1,48
1484,0,3,0,3,0,12
799,1,2.3,0,1,1,63
1156,1,1.2,1,0,1,50
1720,0,2,0,15,1,55
702,0,2.6,1,2,1,9
616,0,1.9,1,13,1,44
1358,1,0.5,0,11,1,36
1866,0,1.4,0,0,0,30
1242,0,1.1,1,0,0,10
1166,0,1.5,1,0,1,43
1448,1,0.5,1,6,1,45
1407,1,2.4,0,1,1,22
605,0,1,0,8,1,9
1038,0,1.2,0,3,0,43
797,1,2.9,1,4,0,38
819,0,0.6,1,8,1,42
1114,0,2.8,0,4,1,9
1234,1,1.6,1,1,0,33
1199,1,2.5,1,15,1,16
1103,0,1,1,6,0,29
1589,1,0.6,1,0,1,58
999,0,2.9,1,11,1,64
1510,1,0.9,1,2,0,45
1008,0,0.8,0,11,0,61
1127,1,2.9,1,5,1,57
1412,1,2.4,0,5,0,25
1496,1,2,1,4,0,42
1083,1,2.9,1,1,1,64
668,0,0.5,1,0,0,3
1309,0,1.1,1,0,0,33
1724,0,2,1,2,1,57
1977,1,2,1,7,1,54
885,0,2.3,1,0,1,15
879,1,2.5,0,11,1,14
1322,0,1.7,1,6,0,7
1137,1,1,0,18,0,7
1355,0,2.3,0,10,1,23
1665,1,0.5,0,3,1,60
657,0,2.5,0,0,0,37
593,0,0.5,0,6,0,31
1883,1,0.5,0,3,1,10
1732,1,1.1,0,4,1,12
543,0,0.5,0,0,0,57
1939,1,2.8,1,0,1,55
553,0,2.4,1,1,1,8
832,0,0.7,1,2,1,39
1661,0,1.9,1,5,0,23
1657,1,2.4,0,3,0,42
1135,1,2,1,0,0,46
1775,1,1.5,0,3,0,41
783,0,1.8,1,0,1,43
617,1,2.3,0,0,0,32
867,0,1.4,1,0,1,4
1310,1,1.1,1,13,0,7
1804,0,0.5,0,9,1,22
1900,1,2.3,0,1,1,18
909,1,1.4,0,0,0,53
1084,1,2.6,0,3,1,40
1308,0,1.3,1,8,0,46
1778,0,0.5,0,0,0,15
1701,1,1.6,1,3,0,10
772,1,2.4,1,1,1,10
825,1,0.5,1,7,0,52
1379,0,1.1,0,5,1,36
1166,0,2,0,3,1,25
1659,0,2.8,0,5,0,16
826,1,2.4,1,0,1,58
1564,0,2.3,0,4,1,25
1957,0,0.9,1,11,0,31
1571,0,1.4,0,0,1,19
1414,0,2,1,2,0,54
1790,0,2.5,1,9,0,2
645,0,0.5,0,1,0,41
668,0,2.9,1,7,0,30
1652,1,1.1,1,1,0,36
1213,1,0.5,0,0,0,16
1272,1,2.5,1,0,0,22
866,0,0.5,1,5,1,46
536,0,2.4,1,12,1,3
523,0,2.6,1,1,0,14
1753,0,0.5,1,0,1,31
1218,0,1.8,1,1,1,14
1537,1,2.5,0,4,1,43
786,0,2.2,1,0,0,33
1678,0,2.1,0,3,1,64
1814,0,1.4,1,1,1,9
1101,0,1.8,0,0,0,31
1461,0,2.4,1,3,1,40
1216,0,3,0,4,0,47
506,0,1.6,0,6,1,41
843,1,0.5,0,1,1,56
742,0,2.2,1,4,0,56
1692,1,2.1,0,3,1,61
1485,0,1,0,2,1,32
1547,0,2.9,1,6,0,45
1692,0,2.3,1,4,1,46
637,0,2.3,0,3,1,60
1224,0,0.5,0,16,1,6
1356,0,2.8,0,0,0,29
1840,0,0.5,1,12,0,34
1481,1,0.7,1,4,1,37
961,1,1.5,1,10,0,51
1296,0,0.9,1,0,1,14
1193,0,0.9,0,11,0,26
1441,0,2.1,1,11,1,3
517,0,1.4,1,3,1,33
748,1,1.7,0,0,1,27
1126,1,2.4,0,2,1,10
1572,0,0.6,0,0,1,58
1569,0,2.8,1,17,0,44
1270,1,0.6,1,2,1,32
1854,0,3,0,2,1,8
625,1,1.2,1,5,1,10
1577,0,0.5,1,0,1,42
534,0,0.5,1,0,1,16
946,0,1.7,1,8,1,25
685,0,0.5,0,2,0,29
1949,0,1.3,1,0,0,23
947,0,0.8,1,0,1,22
801,1,2.2,1,2,0,63
703,1,2.7,0,12,1,30
1165,1,2.4,0,11,0,41
1082,0,0.8,0,0,0,38
959,1,2.6,1,15,0,20
1502,1,1.2,0,0,0,54
1380,1,2.1,1,1,1,4
1266,0,0.5,0,0,1,5
1934,1,2.6,1,0,1,46
1905,1,0.5,0,3,1,6
1831,0,1.4,1,2,0,43
596,0,1.4,0,8,0,46
1562,1,1.3,1,1,1,7
1490,1,0.5,1,4,1,64
1523,1,2.4,0,5,1,57
640,0,0.6,0,0,0,20
1526,0,2.1,0,1,1,23
1989,0,2.5,1,0,1,41
1308,0,1.9,0,0,1,61
609,0,0.5,0,3,0,26
1905,0,0.6,1,9,1,36
1703,1,0.5,0,0,1,22
1445,1,2.4,1,7,1,20
1087,0,1.3,0,0,1,16
671,0,0.9,1,10,0,30
1472,1,2.3,0,6,0,61
765,0,0.5,1,0,1,47
1642,0,0.5,1,16,1,8
1265,0,1.5,0,7,0,49
664,1,1.1,1,1,1,51
1277,1,0.5,1,0,1,35
1395,0,1.8,1,0,0,23
1539,1,2.6,0,0,0,41
1049,1,2.2,0,9,0,63
1827,0,1.7,0,4,1,39
903,0,1,1,0,1,50
1987,1,0.5,0,3,1,53
1154,0,1.2,1,0,1,49
1336,0,0.9,0,5,1,17
1886,0,0.5,0,0,1,24
1551,0,1.1,0,4,0,51
850,1,1.6,1,6,1,29
660,0,0.5,0,5,1,40
1225,1,2.1,1,8,0,13
1452,1,0.5,1,1,1,25
1686,1,2.8,1,3,0,38
1634,1,1.4,0,1,1,17
1708,1,2.4,1,18,1,49
1151,1,2.9,1,0,0,31
1578,0,1.9,1,2,1,37
1689,0,1.8,0,17,0,24
1488,0,0.5,0,1,0,39
1313,1,1.8,1,4,0,9
1715,0,1,1,4,1,31
1442,0,1,1,0,0,27
528,0,1.7,0,12,1,6
1523,1,1.8,0,6,1,11
1133,0,1.4,0,3,0,42
1718,1,2.5,1,14,1,6
1330,0,0.5,0,0,0,38
1799,1,0.5,0,0,0,49
633,1,2.2,0,0,1,49
724,0,2.7,1,0,0,44
822,1,0.5,0,0,1,51
1918,0,1.9,0,2,0,10
1891,0,2.8,0,7,1,37
1373,1,1,1,2,0,50
862,1,0.8,1,3,0,23
1273,0,1,0,3,1,48
957,1,2.5,0,4,0,7
1617,1,1.3,1,3,1,30
893,0,2.5,1,0,0,55
1210,0,0.5,0,0,0,63
708,1,2.7,1,0,1,63
835,0,1.1,1,2,0,7
1450,1,2.7,1,9,0,19
973,1,1.5,0,5,1,57
601,1,1.4,0,4,1,4
507,1,0.5,1,1,0,32
564,0,1.8,1,0,1,51
1559,1,1.6,1,6,1,6
754,0,0.5,1,7,1,59
728,0,2.7,1,0,0,25
1431,1,0.5,0,0,1,56
767,0,1.5,0,4,0,28
1722,0,2.6,0,8,0,18
1992,1,1.6,0,5,1,57
1876,0,0.5,0,10,1,40
1054,0,1.1,1,10,1,38
1283,1,1.6,1,4,0,47
1281,1,2.3,1,0,0,28
1066,0,0.6,0,2,1,7
730,0,2.1,1,0,1,4
1053,1,0.8,1,7,1,45
1611,1,0.5,1,11,0,3
793,0,1,1,5,1,30
1220,0,2.9,0,3,0,62
1662,0,0.5,0,0,1,61
1281,1,2.8,1,3,1,8
538,0,0.8,0,12,1,2
823,1,0.5,0,0,0,39
1733,1,2.8,0,3,1,36
1429,0,1.5,1,0,1,40
1839,1,1.2,0,9,1,54
659,0,2.7,0,6,1,6
1953,1,2.1,1,7,0,56
1172,0,1.9,0,0,1,27
612,1,1.9,1,6,0,16
1563,0,2.4,0,0,1,24
1191,0,1.3,1,16,1,26
615,1,0.5,1,0,0,42
1893,1,2.1,1,8,0,63
1563,0,1.7,1,10,0,16
1995,1,1.9,0,6,0,9
1517,0,0.5,0,6,1,48
832,0,1.6,1,1,1,34
1162,0,2,0,0,1,56
1595,1,2.6,0,7,0,12
1329,1,1,0,1,0,52
928,1,0.5,1,11,0,56
1656,1,0.5,1,8,1,38
1937,1,1.7,0,17,0,58
977,1,1.1,1,2,0,57
768,1,0.9,0,16,1,56
1464,1,0.5,1,11,0,12
1177,0,0.9,0,1,1,29
1348,0,2,0,18,0,52
1956,0,2.2,0,0,1,37
1751,0,0.5,1,6,0,8
1530,0,2,0,11,0,42
1997,1,1.8,1,1,0,40
1414,1,1.5,1,5,0,44
1707,0,1.4,0,0,0,41
894,0,0.5,1,1,1,50
645,0,1.2,0,6,1,41
1163,0,2.8,1,0,0,49
1126,0,0.7,0,3,0,49
1648,0,0.7,0,6,1,64
1170,1,0.9,0,6,1,14
508,0,0.8,0,7,1,42
1097,0,2.1,1,6,0,64
728,0,1.7,1,0,1,5
1980,0,0.5,1,2,1,29
1504,0,2.3,1,1,0,64
1379,1,2.1,1,14,1,63
1698,0,2.1,0,5,1,18
920,0,2.1,1,5,0,25
1144,1,1.5,1,0,0,21
1995,1,0.5,0,6,0,26
1430,0,0.5,1,1,0,27
972,1,0.5,1,5,0,13
662,0,0.5,0,5,0,20
1867,0,2.3,0,0,1,9
1730,0,2,1,0,1,20
1723,1,1,0,1,1,7
1882,1,1.3,1,8,0,47
803,0,0.8,1,0,0,18
580,1,1.2,1,0,0,47
668,0,2.3,0,2,1,48
1391,0,1.4,0,2,1,36
1560,0,2.3,0,0,1,22
821,0,1.8,1,5,0,54
811,1,2.4,1,5,1,2
1989,1,2.9,1,8,0,17
1034,1,2.7,1,6,0,37
618,0,2.1,0,2,0,6
654,1,1.3,0,0,1,52
576,1,2.8,0,2,1,10
667,1,0.6,0,6,1,3
869,1,1,0,7,1,57
635,1,0.5,1,2,0,42
609,1,3,0,15,1,44
1557,0,2.8,1,16,0,2
1604,1,1.7,0,2,0,33
1182,0,0.5,0,7,1,8
848,1,2.1,1,10,1,19
1610,1,2.9,0,7,1,64
1828,1,2.1,1,0,0,17
880,0,2,1,1,1,50
1394,1,0.9,1,10,1,62
1960,1,2.3,1,1,1,61
809,0,0.8,0,10,0,21
899,0,0.5,1,13,1,57
1976,1,0.7,1,4,0,32
879,0,1.5,1,0,1,21
916,1,2.6,0,0,0,36
763,0,1.7,1,8,1,2
508,0,1.6,1,0,0,9
825,0,2.9,1,0,0,34
1864,0,1.4,0,8,1,46
1725,0,0.5,1,8,1,52
1108,1,2.9,0,10,0,52
1011,0,1.1,0,4,1,36
1703,1,1.5,1,17,1,55
1067,1,1.7,1,0,0,58
1334,1,2.4,0,5,1,42
775,1,2.6,0,0,0,30
1899,1,0.6,0,0,0,26
930,1,1.3,1,1,1,14
1058,0,1.5,0,2,0,19
1187,1,2.2,0,0,1,46
1874,1,2.7,1,10,0,8
1482,0,0.5,0,2,0,48
1809,1,1.7,0,3,1,59
864,1,3,1,0,1,54
625,1,1.9,0,12,1,33
1880,1,1.8,0,4,1,18
1138,0,1.4,0,12,1,44
560,0,0.5,0,14,0,23
1117,0,0.5,0,1,0,12
1712,0,1.4,0,1,0,63
1836,1,1.7,1,3,0,26
1036,1,2.4,0,0,0,39
1860,1,2.3,0,15,0,23
1375,1,1.1,0,3,1,9
1945,0,1.6,1,0,1,57
1896,0,0.5,1,8,1,7
788,0,2.5,1,4,1,57
880,1,1.7,1,0,0,33
1323,1,2.5,1,10,1,28
1868,0,2,1,0,1,42
1266,0,1.9,1,0,1,7
1042,0,2.7,1,16,1,50
1479,0,0.5,0,8,0,19
1476,1,1.2,1,0,1,55
1552,1,2.2,0,6,1,13
1454,1,0.5,1,1,0,34
1007,0,2,0,0,0,45
652,1,2.4,1,9,1,17
1504,0,1.5,0,12,1,34
1726,1,0.9,1,2,0,51
1029,1,1.9,1,5,1,5
1582,0,2.8,0,2,1,44
1478,1,0.8,1,12,0,48
1178,1,1.3,0,0,0,49
707,0,2.1,1,2,0,25
755,1,2.8,0,5,1,51
912,1,2,0,1,0,54
651,1,0.8,1,2,1,63
1483,0,2.1,0,1,1,54
914,1,0.9,0,2,0,4
1456,1,0.5,1,7,0,7
1178,0,2.2,1,6,0,57
1503,1,0.7,0,10,1,43
1681,1,2.5,0,2,0,11
715,0,2.3,1,4,0,48
1876,0,2.8,1,3,1,56
1190,1,2.2,1,9,0,47
1755,1,1.3,0,0,1,24
1197,0,1.3,0,3,1,20
1048,1,0.9,0,10,1,28
1887,1,3,1,6,1,17
1772,1,0.5,1,3,0,64
1421,0,2.8,0,0,1,57
1464,0,0.5,1,0,1,17
728,0,2.3,1,4,0,23
954,1,0.5,0,0,0,50
685,0,0.5,1,8,1,13
1472,0,2.8,1,1,0,36
853,1,2,0,10,1,3
1469,0,2.1,0,0,0,8
1310,1,2.3,1,6,0,57
1654,0,1.8,0,1,0,11
902,1,0.7,0,3,0,3
1448,0,1.4,1,13,0,26
1631,0,0.9,1,2,1,3
1608,0,1.8,1,7,0,28
1991,1,2.7,0,5,1,64
1349,0,2,1,15,0,62
1589,0,2.5,0,5,1,51
1844,1,2.3,1,1,0,51
712,1,0.5,1,3,1,35
972,1,1.7,0,0,1,54
1406,0,0.5,1,2,1,34
1289,0,0.9,0,10,1,25
932,0,1.3,0,1,0,64
1747,1,0.9,0,6,1,48
1172,1,2.1,1,4,0,41
1128,1,1.4,0,12,0,53
664,0,1.2,1,0,0,28
513,1,0.5,0,6,1,44
1742,0,2.3,1,9,1,43
1512,1,1.7,0,12,0,6
1986,0,0.5,1,3,1,51
965,1,1.5,1,5,0,13
1067,1,2.4,1,3,1,40
1583,1,1.6,0,5,1,42
1653,0,0.5,1,2,1,37
1433,0,1.6,0,7,0,4
765,0,2.9,0,0,1,18
1845,1,0.5,1,10,0,61
752,0,0.5,1,1,0,48
1948,0,2.8,1,8,0,16
1077,0,2.5,1,0,1,45
932,1,0.5,0,1,1,60
1968,0,0.9,0,0,0,22
1122,0,1.2,0,9,0,2
1588,0,0.5,0,0,1,61
601,0,2.1,0,4,0,26
1615,0,0.5,0,14,0,15
1589,1,2.2,1,2,0,58
1417,1,2.7,0,2,1,56
1697,1,0.7,0,1,1,34
1330,1,1.3,1,14,0,3
1476,0,0.5,0,0,1,43
1579,1,1.5,0,0,0,27
1277,0,3,0,0,1,41
1089,1,0.9,1,12,1,2
1663,1,2.5,1,13,1,27
1949,0,1.8,0,0,0,20
1138,0,1.1,0,5,1,48
685,0,2.7,0,7,0,17
1889,0,2.8,0,5,1,31
857,1,2,1,3,0,17
1902,0,2.8,1,6,0,50
1225,1,2.4,0,0,0,15
1066,0,1.6,0,5,0,39
1554,1,0.5,1,11,0,5
1337,0,0.5,0,13,0,31
1926,1,1.7,1,1,1,33
869,0,1.3,1,3,0,34
1278,1,0.5,1,1,0,54
1773,1,2.5,0,16,1,32
1661,1,0.8,1,1,1,6
1438,0,2.2,0,0,1,32
1661,1,1.4,0,0,0,29
1846,1,0.6,0,1,0,19
1260,1,2,1,2,1,23
512,1,0.5,1,7,0,15
581,0,2.2,0,0,0,59
1872,1,2.3,0,6,0,44
687,1,1.3,0,9,1,50
1062,1,2.5,1,6,0,10
1678,1,2.3,1,11,0,7
1417,1,0.5,0,10,1,45
1074,0,2.4,1,2,1,9
1832,0,0.7,0,2,0,2
1039,0,1.3,0,0,1,12
1059,0,2.4,0,8,0,61
1606,0,1.4,0,3,0,57
1928,1,1.8,0,9,1,19
1875,1,0.5,1,11,1,55
1128,1,1.1,0,9,1,46
1748,0,1.7,1,6,1,14
1413,0,0.5,1,5,0,51
825,0,0.5,1,0,1,23
1589,1,1.4,0,3,1,26
535,1,0.5,1,8,1,54
1780,1,0.5,0,6,0,27
1671,0,0.6,1,7,1,61
1821,0,0.9,0,9,1,12
1076,1,2.6,0,3,1,38
532,1,0.8,1,3,0,8
777,1,2.6,0,3,0,30
1217,1,0.5,0,3,0,17
1656,1,1.6,1,0,0,16
1185,0,1.9,0,0,0,31
577,0,2.4,0,8,1,37
737,1,2.4,1,7,0,49
704,0,2.2,1,4,0,53
525,1,0.5,1,5,0,51
504,1,0.5,1,5,0,16
793,0,1.2,1,1,1,38
569,0,0.6,1,2,0,39
1590,0,1.9,1,3,1,21
707,0,0.5,0,0,1,16
767,0,1.9,0,16,1,19
1350,1,0.5,1,0,1,50
1117,1,0.6,1,0,0,31
641,1,1.1,0,0,1,7
1002,0,0.8,1,0,1,35
1408,1,2.1,1,10,0,45
1900,1,2,1,1,0,41
726,0,2.9,0,0,0,43
1544,0,2.3,0,12,1,45
1454,1,1.6,0,6,1,21
1230,1,2.2,1,6,0,26
1552,0,1.2,0,10,1,53
1519,0,2.1,0,0,0,32
723,1,1.9,0,4,0,30
1191,0,2.4,1,2,0,13
1168,0,1.3,0,9,0,61
1229,0,0.5,1,15,0,14
1758,1,0.5,0,11,1,13
1290,0,0.5,0,0,0,3
574,0,2.8,1,16,0,38
1271,1,0.5,0,12,0,32
1170,1,1.2,0,4,0,30
1269,1,1.3,0,14,0,52
1288,0,2.8,1,15,0,50
1366,1,0.7,1,0,1,34
1572,1,0.8,1,7,1,8
1627,0,0.9,1,9,1,32
1701,1,0.5,0,13,1,46
1900,1,0.5,1,0,1,55
1974,0,1,0,4,0,24
1197,1,0.5,1,9,0,20
587,1,2.3,1,4,0,6
934,0,1.1,0,7,0,24
1195,0,2,1,1,1,23
1853,1,1,0,2,0,23
1164,0,1,0,4,1,19
1512,1,0.5,0,8,1,18
1232,0,2.9,1,1,1,24
1813,1,0.6,1,0,1,5
946,1,2.6,1,17,0,5
739,1,2.3,1,2,1,58
704,1,2.7,0,8,1,29
1663,1,0.5,0,0,0,40
1966,1,1.4,1,2,0,40
1219,0,1,1,0,0,17
612,1,0.7,0,6,0,35
1658,1,1.4,0,0,1,39
1263,0,0.5,0,12,0,64
1395,1,2.8,0,0,1,55
621,1,2.7,1,0,0,54
652,0,0.5,1,1,0,58
1175,0,0.6,0,10,0,25
561,1,1,0,0,0,11
1137,0,2.2,0,6,1,3
1835,1,2.3,0,4,1,11
1170,0,2.9,1,2,0,40
1595,1,0.8,1,0,1,44
1719,1,2,0,0,0,12
1770,0,2.3,1,0,0,7
1312,0,0.5,1,0,1,28
1878,0,1.5,1,5,1,56
1871,1,2,0,7,1,20
922,0,1.5,1,1,1,35
1975,1,1.5,0,6,1,16
1212,0,2.6,0,1,1,46
1430,1,0.9,0,3,0,56
1958,1,1.9,1,0,0,4
1836,1,2.1,1,0,1,30
557,1,1.6,0,0,0,24
539,1,0.6,1,9,0,21
880,0,0.5,1,1,0,44
1369,1,1.8,1,6,0,34
1109,1,2.7,1,1,0,39
843,0,1.8,1,0,0,16
598,0,2.3,1,7,0,21
972,1,2.7,1,1,0,5
1944,1,0.5,0,5,1,36
1225,0,0.7,1,0,1,2
644,1,1.3,1,7,1,30
1919,0,1.5,0,5,1,48
501,0,2.3,0,12,1,54
1620,1,2.2,1,0,1,30
1227,1,1.1,1,0,0,34
1359,1,0.5,1,1,1,58
1914,0,0.7,0,1,0,35
1645,1,1.8,0,1,0,21
1063,1,1.1,0,0,1,26
946,0,2.1,0,0,1,19
1231,0,1.2,1,5,0,54
1397,0,2.9,1,13,0,9
701,1,0.7,0,7,0,15
570,1,0.5,1,2,0,9
1993,1,0.5,0,10,1,27
955,0,0.5,1,4,0,43
924,0,0.5,1,0,1,47
600,0,0.5,0,0,0,14
518,0,0.8,1,0,0,3
1063,1,2.5,0,0,1,31
920,1,0.5,0,2,0,46
1715,0,1.9,0,4,1,3
1841,1,1.3,1,6,0,14
543,1,0.5,1,4,1,60
1762,1,2.7,1,13,1,25
1112,1,0.5,1,1,0,53
709,1,2,1,0,0,35
1315,1,2.6,0,7,0,64
1762,1,2.5,0,10,1,15
1462,1,1.7,1,1,0,25
571,0,1.6,1,8,0,35
666,1,0.5,1,7,1,54
1994,0,1.5,1,2,1,7
1583,1,2.1,1,11,0,14
1778,0,1.4,1,3,1,45
1926,1,1.1,0,13,1,50
966,1,0.6,0,9,1,50
568,0,2,0,1,0,36
1897,0,3,0,1,1,21
1695,0,0.5,1,6,1,46
1623,1,1.2,0,6,1,61
914,1,0.5,0,0,1,26
1721,1,0.5,1,4,1,33
890,1,2.2,1,4,0,44
600,0,0.5,0,1,0,48
1677,0,1.8,1,4,0,11
723,0,0.5,0,0,1,3
638,0,1.7,1,11,0,27
852,0,1,1,4,1,62
1979,1,1.6,1,0,0,32
710,1,0.5,0,6,0,32
1034,0,2.6,1,2,1,45
600,0,2.5,1,8,1,22
1027,0,0.5,0,2,1,64
1260,0,0.6,0,5,1,13
1793,0,1.8,1,10,0,12
675,0,2.3,0,10,0,60
658,1,2.7,0,0,1,12
1694,1,0.6,0,0,1,34
804,1,0.8,1,12,1,41
1713,0,2.5,1,1,0,27
706,0,0.5,0,13,1,31
1362,0,0.5,0,3,0,25
1527,0,2.7,0,10,1,60
768,0,0.5,1,0,0,19
1314,0,2.9,1,8,1,41
705,1,0.5,0,5,1,57
1403,0,2.7,0,2,1,26
1486,0,2.6,0,7,0,52
781,0,1.1,0,2,0,38
986,1,1.5,0,1,1,23
1310,0,1.4,0,0,0,33
560,1,2,1,6,1,57
1348,0,1.3,0,0,0,43
1567,0,0.5,1,3,0,22
1940,1,0.9,1,4,0,17
1979,1,2.9,1,0,1,19
561,1,2.1,1,7,1,2
1717,1,1.3,0,1,0,62
535,0,1.5,0,1,1,48
1413,0,0.5,1,4,1,39
1358,0,2.5,1,0,0,20
1519,0,2.9,0,2,0,30
1254,0,1.2,1,2,0,50
1591,1,2.2,0,3,1,49
977,1,2.8,1,2,0,35
1640,1,0.7,0,10,1,21
663,0,0.8,1,0,0,25
1744,1,1,0,1,1,20
1624,0,1.6,1,8,0,28
1108,1,1.3,1,14,1,2
1188,1,1.4,1,0,1,9
817,0,1.3,0,0,0,11
863,0,1.6,1,5,1,6
1397,0,2.4,1,5,1,3
1108,0,1,0,3,0,49
1068,0,2,1,1,1,37
1702,1,2.3,0,12,1,52
808,0,0.5,1,0,0,8
1156,0,0.5,0,6,0,61
1271,0,0.5,1,2,0,54
696,0,0.5,0,6,0,51
1981,1,1.9,1,13,0,45
614,0,1.7,1,0,1,58
1590,0,0.6,1,0,0,7
1945,0,1.6,0,4,0,21
1135,1,2.8,1,9,0,43
1049,0,0.6,1,8,1,2
1807,1,2.1,0,2,0,49
984,1,0.5,0,13,1,42
720,1,1.4,1,0,1,61
1536,0,0.8,0,12,0,13
771,1,0.5,0,3,0,25
503,0,2.5,0,3,0,57
675,0,2.4,0,1,0,42
1936,1,1.9,1,13,1,34
1303,0,1,1,0,1,15
1004,1,2.9,1,0,0,35
1972,0,1.2,1,0,0,37
1822,0,1.2,0,0,0,8
1159,1,2.8,0,5,1,18
1782,1,2.8,1,6,1,58
894,0,2.1,1,16,0,16
1884,0,2.1,1,7,1,43
1648,1,0.5,0,1,1,17
798,0,2.4,0,5,0,4
802,1,2.4,1,1,0,45
1276,1,2.9,1,2,0,53
1331,1,1.6,0,0,0,16
1620,0,2.6,1,6,0,5
1996,0,2.5,0,5,1,51
1092,0,2.7,1,8,0,45
1018,1,0.7,1,7,0,63
545,0,0.5,0,0,1,11
554,1,1.3,0,0,0,12
1264,0,2.9,1,2,1,34
1030,0,1.6,1,3,1,58
1432,1,1.7,1,6,1,39
558,1,2.8,0,1,1,49
829,0,0.5,0,0,0,56
1741,1,1.8,0,0,0,14
1849,1,2.3,0,7,1,15
733,0,2.1,0,5,1,7
1872,1,0.9,1,0,0,16
1853,0,0.5,1,1,0,27
1149,1,2.2,0,4,0,30
891,0,0.5,1,9,1,25
1911,1,2,0,7,1,64
550,1,0.5,0,16,1,23
576,0,0.8,0,0,1,27
1760,0,1.9,0,1,1,50
969,0,2.4,0,0,0,45
1160,0,1.1,0,1,1,63
827,0,1.1,1,2,1,18
1786,0,0.5,0,9,1,58
774,1,0.6,1,2,1,8
819,1,2.5,1,0,1,11
1042,0,2.2,0,15,1,11
1368,0,3,1,10,0,50
1592,0,2.1,0,6,1,50
1067,0,1.8,1,11,0,14
1892,1,0.7,0,5,0,47
915,0,1.1,0,6,0,56
774,1,2.8,0,7,1,55
1848,1,1.4,1,2,1,42
1501,0,1.1,0,12,1,2
1614,0,1.9,0,8,1,55
911,1,2.9,0,0,0,46
1520,0,0.5,0,1,1,24
1647,0,1.4,1,3,1,38
1347,0,0.9,1,8,1,53
967,1,1.6,0,4,0,25
1442,0,2.2,0,0,1,56
1204,1,2.6,0,0,0,10
1320,0,2.1,1,0,1,41
1800,1,0.7,0,2,1,8
1567,0,2.1,1,3,0,22
1439,0,0.9,0,12,1,20
1422,0,1,0,15,0,3
1591,1,2.2,1,4,1,52
880,0,1.7,0,2,0,6
1929,1,0.5,1,0,1,19
1642,1,1.6,1,0,0,5
1511,0,2.5,1,3,0,21
1312,0,1.3,0,5,1,10
1852,0,1.4,0,4,1,10
972,1,1.3,0,8,0,44
691,1,2.7,1,4,1,33
807,0,0.5,0,9,0,8
1113,0,0.6,1,0,0,25
721,1,1.3,1,10,0,16
1188,1,1.5,1,0,0,54
1512,1,0.5,0,1,0,52
805,1,0.7,0,0,0,64
918,0,0.9,1,1,0,8
1320,0,0.5,1,7,0,48
1236,0,0.9,1,2,1,57
1387,0,0.5,0,0,1,61
1883,1,2.7,1,6,1,30
839,0,2,1,0,0,14
1593,1,1,0,0,1,52
1722,1,1,0,7,0,25
1954,0,0.6,1,8,0,7
1788,1,0.5,1,15,1,2
1628,0,0.5,0,5,1,33
1965,0,0.5,0,6,1,4
833,1,2.2,0,4,0,27
571,0,0.6,0,1,1,43
1808,1,0.5,1,1,0,31
1860,0,0.5,1,2,1,55
1368,1,1.6,1,4,0,9
1161,0,1.3,1,0,1,21
1224,1,1.6,0,9,0,33
902,1,0.6,1,0,0,63
787,1,0.5,0,15,0,11
854,0,0.5,0,2,0,30
1184,0,1.5,1,1,1,48
1973,0,1.6,1,5,1,39
510,0,1.7,1,3,0,35
966,0,2,0,8,1,34
1438,1,1.8,0,3,0,16
1986,0,0.5,0,7,0,51
1907,0,2,0,13,0,55
1489,0,2.4,1,8,0,32
1843,1,1.8,1,13,1,16
825,1,1.5,0,11,0,38
1286,1,2.3,0,10,1,16
840,0,0.6,0,0,1,63
757,0,2.3,1,5,1,58
814,1,1.1,1,2,0,41
1195,1,1.1,1,2,1,8
767,0,0.8,0,7,1,10
1068,0,1.3,0,6,1,52
994,1,2.8,1,0,0,56
1550,1,2.5,0,6,0,21
1878,1,0.5,0,9,0,29
623,0,2,0,2,0,6
1829,1,0.5,0,0,1,15
525,0,2.4,1,11,0,35
1065,1,0.5,0,0,1,14
1425,0,1.2,0,9,1,35
1296,0,1.4,1,3,0,11
642,0,2.8,0,3,0,34
1664,1,2.9,1,9,1,15
1498,1,0.7,0,3,1,8
981,1,1.9,1,0,0,2
1236,1,2.8,0,6,1,32
1673,0,2.8,1,7,0,9
712,1,1.6,0,6,1,9
569,1,0.5,1,10,1,4
603,1,0.7,1,0,1,64
1332,0,0.8,1,2,0,11
1413,0,0.6,0,0,1,13
1064,0,2.9,1,1,1,34
1444,0,0.6,0,2,0,48
1366,1,1.7,1,5,1,53
906,0,2.1,1,7,0,18
1554,0,2.7,1,3,1,47
1187,0,2.3,0,0,1,21
1156,1,2.7,1,1,1,30
1918,0,2.8,0,1,0,22
841,1,0.5,1,8,0,39
730,1,1.3,1,6,0,6
878,1,1.3,0,13,1,31
1059,0,0.5,1,0,0,50
1578,0,2.9,0,8,0,3
1829,0,1.7,0,0,0,36
1132,0,1,0,0,0,8
1652,0,0.6,1,4,1,40
912,0,0.5,1,0,0,58
1181,0,2.3,0,12,1,61
1497,1,0.7,0,5,0,32
1790,1,2.3,1,3,1,49
1742,1,1.6,0,3,0,49
1549,1,0.5,0,4,0,8
1372,1,2.7,0,7,0,34
1112,0,0.5,0,0,1,12
1005,0,0.5,0,0,0,46
783,1,1.7,1,9,1,27
1698,0,2.5,0,10,1,26
899,1,2.7,0,3,1,53
1062,0,1.5,0,3,0,45
989,1,2,0,4,0,17
1983,1,1.2,1,6,1,27
1800,1,3,0,5,0,53
1254,0,1.7,0,0,1,45
868,0,1.7,0,0,0,30
1205,0,0.5,1,3,0,12
1284,1,2.8,1,0,0,10
626,0,0.7,1,2,1,23
1763,0,2.9,1,1,1,53
694,1,1.8,1,15,0,36
1265,0,0.6,1,4,1,49
816,1,0.5,0,4,0,14
904,0,1.8,0,3,1,35
979,0,0.5,1,0,1,5
1531,0,2,0,0,1,60
934,0,2,1,2,0,30
1624,1,2.6,1,0,0,58
874,0,1.3,0,5,0,8
1027,1,2.2,0,0,0,63
1966,0,0.8,1,15,1,48
1048,1,1.5,0,2,1,29
1496,1,1.9,1,13,0,38
959,1,1.7,0,15,0,13
1349,1,2.2,1,5,0,55
1689,1,2.4,1,0,1,13
1558,1,2.4,0,0,1,27
582,0,0.5,1,3,0,27
1485,0,2.8,0,3,1,44
1991,1,1.8,0,11,0,9
553,0,0.5,1,2,1,23
1231,0,0.7,1,2,0,7
805,0,0.8,0,1,0,34
764,1,1.2,1,1,0,13
894,0,0.9,0,5,1,54
1589,0,2.6,0,9,0,46
1456,0,1.6,1,9,1,39
743,0,0.5,1,0,1,33
1061,1,2.1,0,3,1,52
1428,1,1.6,0,0,0,7
674,1,2.8,1,0,1,8
832,0,1.1,0,0,1,46
1625,1,0.5,1,2,1,50
907,0,1.4,1,3,0,42
1631,0,0.5,0,2,1,13
1584,1,1.3,0,6,0,41
1382,1,0.5,0,7,1,13
633,1,1.4,0,0,1,46
1444,1,2.1,0,9,0,38
852,1,1.6,1,6,1,54
922,1,0.7,0,0,1,47
1745,0,1.5,1,4,1,57
862,0,2.3,0,9,1,6
1754,1,2.1,1,1,1,52
1008,0,2.5,0,3,0,36
1569,0,0.5,1,3,0,33
1596,0,2.9,1,7,0,7
1807,1,0.5,1,2,1,61
1660,0,2.8,1,4,0,7
1861,1,0.9,0,4,1,55
648,0,1.9,1,4,0,8
1379,0,0.5,1,1,0,19
1910,1,1.7,0,0,0,34
1807,0,2,1,0,1,13
1923,0,0.5,1,7,0,46
1345,1,3,0,7,1,38
904,0,1.6,1,5,1,14
1239,0,1.2,1,5,1,52
1330,0,0.9,0,6,1,52
516,1,0.7,1,1,0,30
672,1,0.5,1,0,0,54
892,1,0.5,0,0,1,47
1778,0,0.5,0,0,1,23
1130,1,2.5,0,4,1,58
1359,0,0.6,0,4,0,59
1866,1,2.5,1,3,1,47
1597,0,2.3,0,11,0,34
1046,1,2.8,1,0,1,58
1035,0,0.6,1,2,1,44
1175,1,1.3,0,2,0,19
1261,1,0.5,1,0,1,11
1068,0,0.7,1,9,0,51
1713,0,3,1,5,1,20
1688,0,2.5,0,0,1,21
1413,1,0.5,1,4,1,45
559,1,0.5,0,10,0,11
1483,1,2.6,1,13,0,19
860,1,1.6,1,13,0,48
1090,0,1.3,1,5,0,27
686,1,0.5,0,11,0,3
818,0,1.3,0,14,0,43
1456,0,1.6,1,5,0,49
774,0,0.5,1,2,1,10
1068,0,0.5,1,0,1,19
1373,1,1.9,1,1,1,29
1777,1,3,0,3,0,20
594,0,0.8,0,2,1,28
1524,0,2.6,1,5,0,57
511,1,0.6,1,12,0,50
1402,1,0.6,1,3,0,46
965,1,0.5,0,15,0,53
1270,1,2.3,0,0,0,58
919,0,0.5,1,11,0,13
1963,1,1,0,16,1,34
1977,0,1.3,1,2,0,31
1881,0,2.2,0,4,0,51
683,0,0.7,0,5,0,19
772,0,2.6,1,7,0,6
536,1,1.4,0,0,1,53
1694,0,1.8,0,0,0,53
1633,0,1.7,1,3,1,33
1371,0,0.5,0,4,0,52
551,1,2.8,0,0,1,54
1221,0,0.5,0,1,1,28
1000,1,0.5,0,12,0,63
1986,0,2.7,1,3,1,64
1119,0,0.5,1,0,1,23
1699,0,0.5,1,1,0,59
1099,0,0.5,0,13,1,61
1576,0,2.6,0,7,0,58
950,1,0.5,0,9,0,55
1081,1,2.5,1,13,0,49
606,0,2.5,0,1,1,53
502,0,1.5,1,7,0,37
957,1,0.7,0,0,1,4
1658,1,1.4,1,0,1,38
1681,1,2.5,1,6,0,18
1983,1,0.5,1,3,0,43
1753,0,1.2,0,8,1,12
1632,1,1.4,0,0,0,41
1949,1,1.4,0,7,0,57
1696,0,1.7,0,1,0,13
688,0,2.5,1,0,0,57
1104,0,1.7,0,1,1,60
1122,0,2.8,0,0,0,28
504,1,0.5,1,2,1,46
1154,0,0.5,0,12,1,14
1727,0,2.1,0,2,1,63
1674,0,2.8,1,0,1,52
1948,0,2.8,1,5,1,18
1218,1,2.8,1,3,0,39
531,0,1.1,0,10,0,63
1057,0,2.1,0,4,0,5
576,0,1.2,0,1,0,30
1960,1,2.1,0,1,0,7
673,1,1.7,1,3,1,22
718,0,0.7,1,0,1,21
864,0,1.7,0,3,1,35
547,0,1.9,1,1,0,37
623,1,0.9,0,1,1,3
1793,0,0.7,1,11,0,27
1720,1,0.7,1,0,0,19
812,0,0.5,1,1,0,64
980,1,0.5,0,0,1,33
643,0,1,0,9,1,18
1925,0,3,1,0,1,16
1408,1,2.5,0,3,0,32
1522,1,0.7,1,4,0,28
587,1,2.5,0,16,1,51
1959,0,0.5,1,5,0,18
1872,0,0.5,1,3,0,17
1043,1,0.5,0,7,0,42
1809,0,0.5,0,6,0,23
1703,1,0.5,0,5,1,23
1095,1,0.5,0,4,0,45
1414,0,2.6,0,1,0,27
1659,1,2.5,0,2,0,41
1540,0,0.7,1,1,0,60
1342,0,1,0,0,1,31
1189,1,2.3,0,13,0,8
518,1,2.4,0,0,1,62
1449,0,0.8,1,3,1,10
516,0,1.1,1,0,1,39
1569,0,0.8,1,8,0,59
1312,1,0.8,1,0,0,24
1893,1,0.5,1,1,0,23
1076,0,2.5,0,3,0,14
530,1,2.6,0,1,0,40
1044,1,2.8,1,7,0,33
1330,0,1.1,0,11,0,37
1836,0,1.1,1,0,0,14
1741,1,0.5,0,1,1,55
1869,0,2.6,0,0,1,30
1331,0,0.5,0,8,0,55
1655,1,0.5,1,6,1,4
605,0,1.5,0,9,1,18
1245,1,0.6,0,2,0,30
1709,1,0.8,0,8,1,58
846,1,2.6,0,0,1,58
1403,1,2.5,1,3,0,62
688,1,1.5,0,0,0,2
775,1,2.5,1,1,1,10
1154,0,2,0,6,1,35
1375,0,0.5,1,2,1,35
1827,1,0.8,0,4,0,61
1697,0,0.5,0,0,1,60
741,0,1.5,0,1,0,14
1672,1,0.5,1,13,1,32
514,1,0.7,0,4,0,57
1375,1,1.3,1,2,0,12
989,1,1.8,1,4,1,55
1510,1,2.5,1,11,0,47
1266,0,2.6,0,1,0,18
1396,0,2.4,1,0,0,46
808,0,2.3,0,3,0,45
1542,0,2.3,0,1,0,43
745,1,0.6,1,5,0,35
1735,1,1.9,1,0,1,59
586,0,0.5,1,1,0,57
1341,1,2.1,1,0,0,36
781,1,1.3,1,1,0,64
501,1,0.5,1,14,0,22
1224,1,1.8,1,2,1,44
1970,0,1.6,1,11,1,58
618,1,2.2,1,0,1,63
1537,0,2.9,0,11,1,46
1018,0,2.2,0,8,0,16
1545,0,1.3,1,15,1,35
1871,0,2.1,0,4,1,41
1729,1,2.1,1,1,0,12
680,1,2.1,1,9,1,9
1106,1,1.9,0,4,0,54
635,1,0.6,1,1,1,50
618,0,0.6,0,8,0,16
1671,0,0.5,1,13,0,5
1562,1,1.2,1,0,1,52
1975,1,1.9,1,2,0,31
831,1,0.7,0,2,1,62
1524,1,1.8,1,0,0,10
1528,1,1.8,1,3,1,55
1447,1,2.5,1,2,0,9
1344,0,1.5,0,1,0,14
564,0,3,1,1,0,8
921,0,0.6,1,1,0,60
1413,1,1.7,0,2,0,10
831,0,2.4,0,10,0,55
802,0,0.5,1,3,0,43
1923,0,1.3,0,3,0,24
1193,1,3,0,10,0,56
904,1,1.2,1,10,1,31
1285,0,2.4,0,1,1,51
1635,0,2.6,1,0,1,2
1923,0,1,1,5,1,14
1851,1,1.9,1,3,1,12
727,1,1.5,0,0,1,32
1396,0,1.5,1,0,1,44
877,0,1.3,1,9,1,46
696,1,2.4,0,11,1,35
1009,1,1,1,2,0,2
1526,0,1.1,1,2,1,38
987,0,2,1,1,0,20
1414,1,2.2,1,0,1,49
1732,0,0.8,0,2,0,61
1587,1,0.5,0,0,0,50
1097,0,0.8,0,10,1,21
504,0,2.8,1,0,0,40
1159,0,2.7,0,13,1,28
1910,0,1.4,0,0,0,29
865,0,1.2,1,8,0,59
1930,1,2,0,11,0,16
860,1,1.3,1,8,1,40
1268,1,2.9,0,9,1,42
999,1,1.8,1,0,1,27
622,0,0.7,0,0,1,9
1250,1,1.4,0,8,0,44
763,1,0.5,0,9,1,51
1100,1,1.6,0,12,0,15
815,0,2,1,4,0,51
618,1,0.5,1,2,1,57
553,1,2.2,1,0,1,18
673,1,2.2,1,2,0,3
563,0,2,1,3,0,47
1590,0,1.5,1,12,1,14
1031,1,2.1,1,2,1,11
909,1,0.5,1,9,0,30
1880,0,0.5,0,0,1,7
1479,1,1.8,1,0,1,24
1271,0,1.5,1,0,0,2
709,0,1.9,0,11,1,13
1744,0,2.8,0,0,1,62
1314,1,2.2,0,0,1,40
1136,0,0.5,0,0,1,9
1039,1,2.7,0,11,0,56
1300,1,0.5,0,5,0,62
732,1,2.3,1,7,1,39
511,0,0.7,1,1,1,52
1092,1,0.5,1,10,0,11
921,1,2.2,1,12,1,10
1030,1,0.5,0,4,1,37
1130,0,1.8,1,0,0,27
1299,0,2.8,1,2,0,60
1009,1,2.8,1,7,1,2
1735,0,1.8,1,16,0,34
1129,1,2.8,1,0,0,49
708,0,1.9,0,0,0,26
894,0,0.7,0,2,1,58
530,0,2.4,0,1,0,32
1481,1,2,1,0,0,35
1068,0,2.7,1,0,1,45
1487,0,0.5,0,6,1,57
1524,0,2.5,1,11,1,41
1093,0,1.9,1,2,1,22
1816,1,1.6,1,0,0,50
627,0,1.8,0,2,0,20
989,1,0.7,0,13,1,51
1895,0,0.5,0,2,1,5
805,1,1.7,1,0,1,58
713,1,1.6,0,7,1,2
864,0,2.5,0,10,1,24
1177,0,0.9,0,1,0,11
582,0,0.5,0,8,0,32
1898,0,1.8,1,3,1,56
1158,0,0.7,1,1,1,29
1451,1,0.5,0,5,1,57
1820,1,1.4,0,5,0,51
984,0,0.5,1,3,1,9
580,1,2.1,1,0,0,24
1263,1,2,0,0,0,5
1237,0,0.5,0,2,0,27
514,1,1.6,0,7,1,37
1515,0,2.6,0,0,1,56
721,0,0.5,1,6,1,6
603,1,2.5,1,3,0,35
1426,1,2.5,0,2,1,55
1820,1,1.7,1,0,1,64
1215,0,1,0,4,0,16
697,0,2.7,1,5,1,20
717,1,0.5,1,4,0,10
1348,1,2,1,5,0,36
1164,1,2.6,1,0,0,61
578,1,0.5,0,9,1,62
1971,1,0.5,1,0,0,40
1794,1,0.5,1,5,1,55
1558,1,2.5,0,2,1,32
1597,1,0.9,0,4,1,4
1240,0,1.6,0,0,0,39
1994,1,0.8,1,2,1,7
1221,0,2.3,0,7,1,35
989,1,1.6,1,11,1,24
1180,1,1.2,0,5,1,50
718,0,2.8,0,10,0,59
1670,1,1.6,1,0,0,47
534,1,2.5,0,1,1,21
1566,1,0.5,1,0,0,20
1935,0,0.5,0,0,1,29
504,1,2.8,1,2,0,54
913,0,1.7,1,1,1,41
1317,0,1.8,1,2,0,43
917,1,0.5,0,1,1,31
712,0,2.5,1,1,0,49
1083,0,1,0,6,0,52
1039,0,0.6,0,5,1,6
1747,0,0.5,0,4,0,13
1449,1,0.5,1,0,0,52
1872,1,0.5,1,14,0,49
1796,0,1.6,1,5,0,7
1097,0,1.4,0,0,0,60
1562,0,0.5,1,1,1,20
1433,1,2.3,0,8,1,27
740,0,1.8,0,1,0,12
676,0,2.2,0,1,1,39
503,1,1.8,1,1,1,13
1020,0,1.5,0,13,1,7
896,0,1,1,3,1,4
1824,1,0.8,0,4,1,19
1512,0,0.6,1,1,1,54
1053,0,2.9,0,7,0,42
1944,1,1.8,1,0,1,31
1174,0,0.7,1,1,1,25
627,1,1.6,1,3,1,12
1602,0,2.7,0,4,1,46
1733,1,1.5,1,4,1,6
586,0,1.4,1,10,1,8
1528,0,2.4,0,2,0,37
875,0,0.7,0,2,0,23
1602,0,0.6,0,12,0,58
1426,0,1.6,0,4,1,12
1370,0,1.4,0,5,1,6
609,1,0.5,0,4,1,10
840,0,1.2,1,5,1,15
991,0,2,0,2,1,12
1724,1,1.8,0,0,1,9
584,1,1.8,0,0,1,19
860,1,1.3,1,1,1,49
1541,1,2.8,1,10,1,28
615,1,0.5,1,7,0,58
912,1,2.8,1,6,1,46
1278,1,1.2,0,10,1,60
1365,0,0.6,0,0,1,31
1702,0,1,0,7,0,36
589,1,0.5,0,1,1,59
1347,0,1.5,1,10,0,56
1644,0,2.8,0,0,1,44
956,0,1.9,1,1,0,42
1089,0,1.4,1,10,0,2
871,0,0.6,0,2,0,52
664,0,1.5,0,5,1,6
1874,1,0.6,0,1,0,19
1928,0,2.6,0,5,0,5
888,0,2.6,1,2,1,33
1077,1,1.7,1,1,0,58
1023,1,2.3,1,5,1,30
1426,1,0.8,0,2,1,42
831,0,1.7,1,7,1,26
1496,1,1.3,1,0,1,6
1433,1,2.3,0,2,1,5
1095,1,2.6,1,0,1,44
643,1,0.7,1,3,1,23
1142,1,1.1,0,0,1,6
730,1,0.5,1,3,1,27
1901,1,0.5,0,5,1,41
1510,0,0.6,1,1,0,32
1924,0,2.6,0,0,1,59
1825,0,1.1,1,13,1,17
1275,1,0.5,1,3,1,5
987,1,2.3,0,9,0,17
1538,1,2.3,0,6,1,13
1965,1,0.5,0,4,1,29
808,0,1.9,0,7,0,20
712,0,0.5,0,6,0,27
1507,1,0.9,1,0,1,42
912,0,0.7,0,3,0,47
769,1,1.2,0,2,0,17
948,0,2.3,0,14,0,22
507,1,1.9,1,0,1,39
1384,1,2.8,1,15,0,60
1766,1,1.3,0,1,0,29
1407,0,1.8,1,5,1,16
614,0,2.9,1,3,1,24
1972,0,2.9,0,9,0,14
1039,0,0.5,1,8,0,47
511,1,3,1,5,1,34
1811,1,2.5,0,4,1,5
1159,0,1.5,0,3,0,36
1848,0,1.3,1,7,0,12
1988,1,0.5,0,0,1,16
1469,0,0.5,0,3,1,58
1423,0,0.6,0,12,0,44
1974,0,0.5,1,9,0,10
835,0,0.8,1,2,1,42
1429,0,0.6,0,8,0,42
947,1,0.5,0,1,1,51
1446,1,2.8,1,0,1,18
1332,0,1.3,1,5,1,7
1498,1,1.2,1,0,1,14
1576,1,0.9,1,0,1,14
1398,0,1.6,1,8,1,26
1885,0,2.4,1,12,1,14
798,1,0.5,1,7,0,2
1436,0,2.5,1,0,1,42
1998,1,1.2,0,8,0,31
1321,1,1.3,0,0,1,63
1021,0,1.3,0,7,0,9
1339,1,2.3,1,0,0,40
1210,1,1.6,1,9,0,57
1949,1,0.5,1,2,1,31
882,0,0.7,1,9,1,28
1549,1,1.5,1,0,1,27
1991,0,2.2,1,1,1,42
796,0,0.5,0,2,0,12
1012,0,0.5,1,4,0,39
1318,0,1.9,1,0,1,11
1708,0,0.8,0,8,1,14
598,1,0.8,1,8,1,62
541,1,2.3,0,4,0,51
818,0,0.5,1,2,1,23
1414,0,0.5,0,0,1,15
601,1,1.7,1,3,1,6
561,1,2.8,1,2,1,40
1616,1,2.3,1,3,0,52
1263,1,1.4,1,1,1,32
1604,1,1.9,1,0,1,63
539,0,2,1,1,0,24
1071,0,2.6,0,0,0,49
826,0,0.5,1,0,1,57
771,0,2.9,0,2,0,62
1811,0,2.9,0,0,0,33
1842,1,2.2,1,7,0,56
1420,0,2.8,1,1,0,50
1763,0,0.5,1,12,0,10
1163,1,1.9,0,6,0,2
1805,1,0.5,0,0,0,29
610,1,1.6,1,9,0,52
1533,1,1.1,1,18,1,17
1924,0,0.5,0,3,1,63
1801,0,0.5,1,6,0,52
1726,1,1.9,0,1,1,42
794,0,2.5,1,15,0,14
1686,1,0.5,1,4,0,28
1444,1,2.1,1,0,0,6
1004,0,1.6,1,0,1,30
1242,1,2.4,0,8,0,28
539,0,1.5,0,6,1,26
717,0,1.1,1,2,1,14
1540,0,0.7,1,0,1,29
672,0,0.5,0,7,1,35
1325,1,0.5,0,0,1,13
950,0,0.5,0,6,1,55
948,0,1.5,1,6,0,18
1328,1,0.5,0,5,1,27
1447,0,0.5,0,3,0,40
1973,1,0.5,1,3,0,21
1731,1,2.3,1,18,0,60
1617,0,1.5,0,1,1,63
1791,1,0.5,1,1,1,33
851,0,2.3,1,7,1,54
856,0,1.9,1,0,1,14
714,1,0.5,0,1,0,30
951,0,0.5,0,6,1,15
1303,1,2.1,0,6,1,10
1550,1,2.7,0,2,0,32
1759,1,1.4,0,10,1,15
1448,0,0.5,1,18,0,2
1987,1,1.9,0,0,0,50
908,0,2.1,0,1,0,44
820,0,0.5,1,2,0,58
904,0,2.7,1,4,0,19
667,0,1.3,1,4,1,6
1109,0,2.1,0,1,0,34
1333,0,1.4,0,3,1,59
1352,0,2.4,0,5,1,6
1600,0,2.5,1,1,0,19
1454,0,1.4,1,8,0,37
1489,0,2.1,1,0,0,9
1823,0,2.8,1,11,0,10
1581,1,1,0,9,0,41
1672,1,1.7,1,1,1,44
1283,1,0.7,1,0,1,27
630,0,2,0,9,1,14
659,0,2.2,0,0,1,24
1811,1,0.5,1,0,0,32
688,1,2.5,0,9,0,40
514,1,2.9,1,5,0,18
1933,0,2.8,1,1,0,16
915,0,2,0,8,1,31
1006,0,2.2,1,4,1,22
1134,1,0.9,0,2,1,13
599,1,2.9,0,0,1,64
973,0,0.5,1,5,0,53
1180,1,2.5,0,0,1,27
1237,1,2.5,0,7,0,13
659,0,0.5,1,7,1,5
1142,1,1.4,1,6,0,6
1002,0,2.7,1,16,1,11
1392,0,2.5,0,0,1,44
602,0,0.9,0,9,0,50
1249,1,0.5,0,3,1,55
531,1,0.5,1,0,1,12
1450,0,2.1,0,1,0,31
1342,0,2.8,0,1,0,50
832,1,0.5,0,5,1,22
867,1,1.5,0,0,1,57
1404,0,2.1,0,16,0,44
840,0,0.9,1,6,0,33
1368,0,0.5,0,10,1,42
1927,0,0.9,1,3,0,11
1714,0,0.5,1,7,0,31
1201,1,0.5,0,1,1,10
1796,1,2.3,0,4,0,44
1147,0,0.8,1,11,0,28
776,1,1.7,0,0,1,20
510,0,2.6,0,0,0,33
1045,1,1.2,1,3,1,40
1497,1,0.9,1,4,1,10
1425,1,0.6,0,0,1,33
726,0,2.2,0,0,1,40
1576,1,2,0,0,1,20
714,1,2.1,1,5,1,11
1595,0,1.9,1,1,0,63
541,0,1,0,0,1,10
1617,1,2.6,0,14,0,29
1154,0,1.1,1,2,1,5
1638,0,1,0,6,0,2
1150,1,2.7,0,0,0,39
1254,1,2.3,0,0,1,44
1806,1,2,1,2,1,54
603,0,1.5,0,8,0,12
1834,0,2.1,0,7,1,40
520,0,2.3,0,0,1,31
565,0,0.6,1,1,0,50
1689,1,0.5,0,11,0,9
742,1,2.3,0,0,0,21
1143,0,1.2,1,1,1,22
761,1,0.5,0,9,0,3
959,1,1.3,1,0,0,36
772,1,1.2,1,7,1,8
1015,1,0.8,0,5,0,12
1824,1,1.9,1,9,1,2
1130,1,0.5,1,1,1,29
1183,1,0.5,1,3,1,48
574,1,2,1,0,1,26
1472,0,3,0,4,1,20
1868,1,0.5,0,2,1,40
1375,0,2.9,0,2,0,20
881,0,1,0,1,0,64
1742,1,0.5,1,5,1,43
1225,0,0.7,1,6,0,60
1970,1,0.5,1,0,1,15
1186,1,0.5,1,2,0,21
1762,0,0.7,0,7,0,60
1731,1,1.4,1,4,1,4
852,0,1.8,1,5,1,8
848,1,1.5,1,4,1,36
1575,0,2.5,1,0,1,11
1554,0,2.8,1,7,0,23
1972,1,1.6,0,0,0,48
827,1,0.6,1,9,1,35
1063,0,1.5,0,7,0,3
1695,0,2.3,1,1,0,34
1343,0,2.4,1,5,1,14
834,0,0.5,0,2,1,27
595,0,2.6,0,0,1,20
1081,1,1.9,1,13,1,42
911,0,1.4,1,3,0,14
844,0,2.2,1,1,1,22
1335,1,3,0,3,0,60
1883,0,1.6,0,9,0,24
1128,1,0.5,1,6,0,33
826,1,2.4,1,14,1,57
1650,0,2.3,0,0,1,38
1162,0,1,0,0,0,50
1517,0,2.5,0,2,1,8
963,0,0.5,0,1,1,60
1837,0,1,1,5,1,12
1028,1,2.8,0,1,1,30
1831,1,2.2,1,4,0,55
571,1,2,1,5,1,58
1770,1,2.3,0,0,0,9
970,1,1.3,1,5,0,59
642,1,0.5,0,0,1,38
622,1,1.9,1,12,0,11
600,1,1.8,0,9,1,6
1412,0,0.6,0,9,0,57
733,0,0.8,0,7,0,16
1070,1,3,0,9,0,19
875,1,0.7,1,1,0,30
1994,1,0.7,0,5,0,5
823,0,1,1,9,1,18
1908,0,0.5,0,9,1,30
790,0,0.5,1,7,1,44
1330,1,1.8,1,1,0,40
1660,0,0.5,0,2,1,15
1776,0,2.2,0,2,0,20
1611,0,0.5,1,4,1,27
1410,1,0.5,1,0,1,15
1772,1,1.6,0,17,1,45
1280,1,1.3,0,0,1,39
1712,1,0.9,1,2,0,23
1562,1,0.7,0,0,0,55
891,0,1.9,1,1,1,18
1957,0,1.2,1,18,1,36
1110,0,0.6,0,1,0,42
875,1,1.4,1,1,1,43
1211,1,1.2,0,0,0,28
769,0,0.5,1,12,1,54
671,0,2.9,0,7,1,2
1872,0,0.5,0,5,1,26
1076,0,2.3,1,0,1,14
1325,0,1.9,0,2,0,50
911,1,2.2,1,1,1,28
1273,1,0.7,0,1,0,23
1062,0,0.5,0,3,1,39
1317,0,1.5,0,6,0,12
940,0,2.9,0,0,0,16
729,1,2,0,0,0,14
1494,0,2.4,0,6,1,3
1546,1,1.6,1,2,1,27
1253,0,0.7,0,0,1,34
895,0,0.5,1,6,0,16
793,1,1.9,1,0,1,43
1628,1,1.8,1,11,0,56
625,0,2.7,1,2,0,42
1110,0,1.5,0,2,1,12
999,0,1.7,0,6,0,49
1856,0,0.5,1,0,1,24
1715,0,2.6,1,9,1,15
1897,1,1.9,0,2,1,54
1202,1,2.4,1,0,0,19
1171,1,1.7,1,2,0,19
964,0,2,0,0,1,22
1973,1,2.4,1,6,0,46
1992,1,0.6,1,11,0,2
546,1,2.6,1,5,0,26
1093,0,0.5,0,1,1,31
1880,1,2,0,11,0,35
1765,0,1.1,0,3,0,11
1640,0,0.5,1,1,1,36
1830,0,0.5,0,0,0,7
826,0,0.6,0,3,0,62
1864,0,2.2,0,0,1,7
586,1,0.6,0,16,1,42
1206,0,3,1,10,1,30
832,1,0.5,1,1,1,5
848,1,2.8,0,1,0,8
1851,0,2.9,0,0,0,53
1166,1,0.5,0,7,0,59
1776,1,2.1,1,10,0,35
1254,1,1.2,0,2,1,27
1494,0,1.6,1,4,1,24
984,1,2.2,1,0,1,39
1179,1,0.8,0,1,0,5
513,0,1.9,0,8,0,27
557,0,0.5,1,3,0,17
744,0,1.7,1,0,1,33
1129,1,0.8,1,9,1,21
1148,0,2.3,1,0,1,58
1793,0,2.7,0,12,1,44
1310,0,2.3,1,3,0,15
1604,0,1.2,0,1,0,6
1676,0,1.6,0,2,0,37
1001,0,2.8,1,1,0,40
1086,0,2.7,0,0,1,24
1986,1,0.5,1,7,1,39
634,1,0.8,0,5,0,41
502,0,0.8,0,7,0,52
1641,0,1.1,0,6,0,48
623,0,1.4,1,0,1,15
962,1,1.1,1,3,0,17
1057,1,2.7,0,3,1,41
1862,0,1.5,0,1,0,62
555,1,3,1,5,1,38
1000,0,2.7,0,1,1,58
841,0,0.5,0,6,1,11
865,0,2.9,0,5,0,16
999,0,2.6,1,11,1,56
1232,0,1.2,0,12,0,30
1194,0,2.3,0,6,1,34
612,1,0.5,1,1,1,20
1362,1,2.9,0,0,0,47
1469,0,1.7,1,11,1,44
986,1,0.8,0,13,1,28
1843,0,2.8,0,1,1,62
1561,0,0.5,1,10,1,4
1695,1,0.5,1,2,1,47
667,0,2.6,1,3,0,8
1768,1,2,0,0,1,2
1269,1,2.8,1,16,0,41
1109,1,2.8,1,6,0,57
936,0,0.5,1,14,1,14
1713,1,2,0,9,1,5
1175,1,1.7,1,1,1,45
1940,1,1,1,0,1,5
855,1,0.5,0,2,1,59
771,1,0.5,1,0,1,33
645,0,2.5,0,10,1,63
1307,0,1.8,0,2,0,7
1948,0,2.9,1,4,0,5
1509,0,0.6,1,5,0,50
626,1,2.8,1,3,1,11
1190,0,2,1,0,0,40
1727,1,2.1,1,10,0,57
1670,1,3,0,14,0,62
1150,1,0.5,1,4,1,27
1208,0,2.9,0,5,1,16
1812,1,1.3,1,4,1,42
770,1,1.5,1,6,0,61
1559,1,1.3,1,10,1,10
1902,0,0.5,0,10,0,13
1751,0,2.5,0,1,0,4
1416,1,1.8,1,0,0,20
1288,0,0.5,1,3,1,61
1003,1,2.9,0,16,1,16
1715,1,0.5,1,1,1,18
1967,0,0.5,0,0,1,46
962,0,1,1,14,0,2
1487,0,1.5,0,5,1,42
1569,1,1.6,1,4,1,54
1146,0,3,0,5,1,57
1379,1,1.5,0,6,1,9
1504,0,1.9,1,7,1,25
1945,0,1.2,0,3,0,26
1630,1,2.8,1,0,1,32
1125,1,2.7,0,10,0,23
614,1,0.7,0,4,1,51
854,0,1,0,5,1,17
1470,1,1.7,1,6,0,45
1826,1,0.5,1,5,1,49
807,1,0.5,1,0,0,37
1996,1,2.8,1,0,1,7
1083,1,2,0,3,0,41
1035,0,0.5,1,14,1,49
1521,1,1.6,0,5,1,62
1314,1,2.8,1,13,1,5
535,0,1.9,0,5,0,24
673,1,1.9,0,13,1,35
1219,0,1.6,1,5,0,4
1606,1,0.5,1,0,1,33
1603,1,0.5,1,1,1,17
1958,0,0.5,0,6,1,52
695,0,0.5,0,18,1,12
1441,0,0.6,1,0,1,53
1470,0,2.2,1,4,1,33
1890,0,1.1,0,4,1,48
1152,1,2.1,1,0,1,26
1619,1,0.9,0,3,0,20
1002,1,1.8,0,1,0,45
742,1,0.5,0,0,1,36
1306,1,2.1,1,2,1,33
1424,1,2.9,1,0,0,20
942,0,1.4,1,8,0,27
1934,1,2.7,0,8,1,2
1290,1,1.4,1,19,1,35
930,0,2.1,1,0,0,54
1699,1,0.5,0,16,0,21
1849,1,0.5,0,1,0,29
1922,0,0.5,0,15,1,42
548,0,1,1,0,1,56
916,1,0.5,0,0,1,47
1783,1,0.5,0,8,0,14
1083,1,1.4,1,2,1,49
1698,0,2.8,0,10,1,7
1969,0,0.8,1,5,1,7
869,0,1.9,0,0,0,2
1337,1,2.7,1,0,0,5
637,1,0.8,1,2,0,28
833,1,0.6,1,0,1,27
1248,0,2.4,0,6,1,9
1174,1,0.9,0,7,0,30
1831,1,2.3,0,3,1,44
1002,0,2.6,1,7,0,27
1010,1,2,1,2,1,8
1117,1,0.5,1,2,0,21
990,1,2.7,1,3,0,15
1564,0,1.4,0,5,1,26
1065,0,2.8,1,0,1,21
1982,0,1.1,0,12,0,24
1607,0,1.1,1,6,1,20
1066,0,3,1,6,1,5
681,0,0.5,1,12,1,17
1163,1,2.1,1,0,1,19
1285,0,0.8,1,4,1,11
753,1,0.5,0,11,1,48
1779,1,2.6,1,2,0,5
987,1,1.9,0,4,1,52
511,0,0.9,1,15,1,24
1044,0,1.8,0,4,1,12
1855,0,0.5,0,5,0,32
946,1,1.4,0,9,0,26
657,1,1.9,1,2,0,21
1673,1,1.6,0,2,0,42
731,1,0.5,1,0,1,28
926,1,0.8,0,6,1,59
1261,0,0.5,0,3,1,52
618,0,1.1,0,11,1,45
936,1,2.3,0,5,1,57
1485,1,0.9,1,0,1,28
1339,1,0.5,1,10,1,21
508,1,1.3,0,1,0,50
1938,1,0.5,1,5,0,44
995,0,1.3,1,1,0,10
1086,1,1.7,1,0,1,43
1322,0,2.3,1,1,1,35
1864,0,1.9,1,2,0,57
1944,1,0.5,0,1,1,26
581,0,0.6,0,5,1,56
1020,1,0.7,1,3,1,27
1936,0,1.3,0,2,0,44
1329,1,1.7,0,5,1,23
808,1,0.5,1,3,0,46
994,0,1.2,1,4,0,40
1811,1,2,0,3,1,22
765,1,2.5,0,3,0,44
993,1,2.3,1,0,0,16
1136,1,1.6,0,15,0,32
719,1,0.5,1,0,1,23
733,1,0.6,1,0,0,63
1946,0,2.7,1,8,0,8
1230,1,1.6,0,0,1,48
1577,0,1,1,0,1,64
1514,1,1.4,0,3,1,12
579,1,2.5,0,3,0,7
574,1,3,0,1,1,30
1072,1,2.2,1,6,0,19
843,0,1.3,1,1,0,16
1492,1,1.5,0,5,0,11
1807,1,2.9,0,0,0,16
909,1,0.7,1,7,0,47
1876,0,1.3,1,9,1,64
1436,1,2.4,1,3,1,23
1251,0,0.5,1,10,1,29
636,0,0.5,0,8,1,28
1354,1,0.7,1,3,1,26
930,1,0.5,1,3,1,34
1830,1,1,0,7,1,47
1424,0,0.5,1,16,1,23
583,1,0.9,1,1,0,51
648,1,0.5,1,9,1,54
1203,1,0.5,1,0,1,11
1777,0,2.2,1,0,0,15
1299,1,2.8,1,0,0,64
1494,0,1.9,0,2,1,47
527,0,0.7,1,4,0,53
793,1,2.8,1,1,1,64
873,1,0.5,1,6,0,8
722,0,1.1,0,12,0,12
1250,1,1.5,0,14,1,20
1358,0,1.7,0,0,0,60
1035,1,1.9,1,8,0,11
1289,0,0.8,1,3,1,16
1445,0,2.2,1,2,0,37
1702,1,2.3,1,12,1,47
534,0,0.5,1,4,0,2
628,1,1.8,0,5,0,60
713,0,1.4,1,4,0,53
1207,0,0.5,0,0,0,58
683,1,2.1,0,7,0,30
594,1,2.6,0,1,0,27
537,1,2,0,1,1,55
1565,1,0.5,0,0,0,38
1052,0,0.9,0,1,0,6
713,0,1.6,0,4,1,63
1766,1,0.5,1,1,0,16
584,1,1.7,1,1,1,19
1541,1,1.5,1,6,1,5
837,0,2.4,1,1,0,51
935,1,0.5,1,3,1,58
665,1,0.7,0,0,1,31
680,1,2.4,0,13,1,34
877,0,1.5,1,0,1,17
1493,0,1.5,1,13,0,53
1762,0,0.6,0,3,1,26
842,1,1.8,1,4,0,57
925,1,2.1,0,9,0,56
1692,0,2.1,0,4,1,2
1576,1,2.2,0,8,0,5
1065,0,1.7,1,4,1,48
958,1,1.6,0,9,1,60
623,1,0.8,0,6,1,26
897,0,1.4,1,1,0,17
1110,0,1.5,0,4,1,41
616,1,2.2,0,3,1,21
1680,1,1.2,1,6,1,37
1715,0,1.3,0,0,1,12
983,0,0.6,1,0,1,45
720,1,0.9,1,12,1,14
1660,0,0.6,0,2,1,24
1564,0,1.5,1,1,0,42
592,0,0.8,1,1,0,52
969,0,1.8,1,2,1,44
1356,1,0.5,1,0,0,35
504,1,1,0,8,0,14
1546,1,0.5,1,3,1,6
689,0,2.9,1,3,1,7
1685,0,0.6,0,14,0,16
1792,1,1,0,3,1,62
1786,0,1.2,0,11,0,61
1944,0,0.6,1,9,1,59
1077,1,2.5,0,13,1,49
648,1,1.8,0,1,1,60
1702,1,0.5,1,8,0,2
1571,0,2.9,0,1,0,30
856,1,1.1,1,14,1,19
1786,0,2.6,0,6,0,14
914,1,0.7,0,1,1,60
1615,1,2.8,0,3,0,9
649,1,1.4,0,4,1,19
1646,0,2.5,0,3,1,25
1189,1,1.9,0,5,0,7
1043,0,2.7,0,3,0,29
1920,0,0.6,1,3,1,19
1220,1,2.8,0,1,0,54
1748,1,0.5,1,11,1,53
907,1,2.6,1,7,0,44
1193,1,2.3,0,7,0,20
1766,1,0.5,1,1,1,22
1278,1,1,0,7,1,24
1234,0,1.7,1,8,0,17
1961,1,1.5,0,10,0,55
1745,0,2.9,0,0,1,3
1442,0,0.6,1,1,0,27
1083,1,2.9,1,1,1,39
868,1,0.9,0,5,0,5
864,0,1.6,1,0,1,53
1142,1,1.2,0,0,0,2
608,1,0.5,1,0,0,64
983,0,1.8,0,0,1,53
1720,0,1.6,0,18,1,2
1802,1,1.2,1,8,0,27
591,0,2.1,1,18,1,16
1205,1,2.7,0,5,0,10
1369,1,1.7,1,3,0,28
713,0,0.9,1,0,0,42
1082,0,2.3,1,11,0,2
1719,1,2.1,1,0,0,52
1544,0,2.4,0,18,1,12
1090,1,2.3,0,1,1,8
1991,0,2.8,0,3,1,15
1367,0,2.9,0,4,0,56
1179,1,0.5,0,7,1,32
721,1,2.7,1,1,1,15
1549,1,1.8,1,0,0,62
1349,1,2.1,1,3,0,46
1799,0,1,0,1,1,30
1075,0,0.5,1,2,0,11
684,1,0.9,1,3,1,63
1837,0,0.5,0,9,0,36
1619,1,1.9,0,2,1,21
965,1,1.4,0,1,0,13
730,0,1.5,0,9,0,9
1361,1,1.4,0,1,0,47
1494,0,1.6,0,3,1,45
1027,1,0.8,0,7,0,18
1807,0,0.8,1,0,1,38
709,0,2.4,1,1,0,11
689,0,1.4,0,2,0,45
955,1,0.5,0,2,0,2
1872,1,1.9,0,5,0,35
1259,0,1.2,1,0,0,13
695,0,1.2,0,1,1,41
1969,0,1.2,1,9,0,63
759,0,2.5,0,3,1,39
936,0,1,0,1,0,18
1176,1,2.1,0,2,1,62
1802,0,2.7,1,0,1,10
772,0,1,1,0,1,23
1318,1,2.4,0,1,1,45
591,1,0.5,1,1,1,16
569,1,2.5,1,0,0,41
764,0,1,1,9,1,45
1056,1,2.1,1,8,1,37
1982,1,1.6,0,2,1,12
1830,1,0.5,0,5,0,14
1122,0,0.5,0,0,1,40
1023,1,0.7,0,2,1,63
1283,1,2.4,1,8,1,33
1602,0,1.6,1,0,1,35
732,1,1.3,0,5,1,32
1854,0,0.9,1,0,1,33
718,1,1.6,1,1,1,30
897,1,2,0,3,1,2
1405,0,1.7,0,0,0,8
798,0,0.6,1,6,1,21
1035,1,2.7,0,1,0,40
1396,1,0.6,0,0,0,37
1749,1,0.5,1,7,1,49
1588,1,2.5,0,12,1,4
1600,0,0.5,0,1,1,16
1522,0,2.2,0,4,0,21
1279,1,2.5,0,5,1,7
719,0,2.9,0,7,0,6
544,1,0.5,1,2,1,7
1007,1,2.9,1,5,1,21
590,1,1.2,1,0,0,32
1788,0,0.5,0,0,1,6
748,0,1.4,0,0,0,25
757,1,0.9,1,4,0,64
1561,1,1.6,1,1,1,27
1327,0,2.8,0,10,0,23
797,1,1.5,1,4,0,18
727,1,2.5,1,0,1,64
686,1,2.7,1,0,0,36
1515,1,2.1,1,4,1,24
555,1,0.5,1,2,0,17
1589,0,0.6,0,0,0,5
1976,1,2.6,1,6,0,45
1884,0,1,1,3,0,24
1063,0,2,0,0,0,27
672,1,0.6,1,13,0,61
635,1,0.5,0,9,0,16
1906,1,1.9,1,3,0,55
1753,0,0.7,0,4,0,40
659,0,1.4,1,2,1,3
1583,0,1.2,1,0,0,14
1783,0,2.9,1,2,0,42
1667,0,1,1,0,1,21
640,0,1.3,1,5,1,6
1913,1,1.8,0,0,0,29
538,0,1.1,1,0,1,25
1191,0,0.8,0,6,1,46
816,0,3,1,2,0,9
915,1,0.5,1,9,1,33
1157,1,0.8,0,7,0,27
1201,1,0.5,0,2,0,10
1379,0,1.1,1,1,1,18
1483,1,2.2,0,3,1,53
1614,0,1.2,0,1,1,9
930,1,1,1,4,1,4
1454,0,2.6,0,8,0,6
1784,0,1.6,0,4,0,41
1262,0,1.8,1,12,0,34
797,0,2.2,1,0,0,37
1829,1,2.1,0,8,0,59
1139,1,0.9,1,6,1,58
618,1,1,0,9,1,13
1547,1,2.9,0,2,0,57
586,0,2.8,0,2,0,15
1617,1,2.4,0,8,1,36
1882,0,2,0,11,1,44
674,1,2.9,1,1,0,21
1467,1,0.5,0,0,0,18
858,0,2.2,0,1,0,50
794,1,0.5,1,0,1,2
1965,1,2.6,1,0,0,39
1911,0,0.9,1,1,1,36
1512,0,0.9,0,4,1,46
510,1,2,1,5,1,45
